{
    "predict_bleu-4": 90.8865619047619,
    "predict_model_preparation_time": 0.0029,
    "predict_rouge-1": 92.98851746031747,
    "predict_rouge-2": 88.72370476190477,
    "predict_rouge-l": 92.41944365079365,
    "predict_runtime": 44.766,
    "predict_samples_per_second": 2.815,
    "predict_steps_per_second": 2.815
}