{
    "epoch": 3.0,
    "eval_loss": 0.09335806965827942,
    "eval_runtime": 11.8552,
    "eval_samples_per_second": 10.628,
    "eval_steps_per_second": 10.628,
    "total_flos": 2.3277366267346944e+16,
    "train_loss": 1.505253738145889,
    "train_runtime": 431.4624,
    "train_samples_per_second": 2.906,
    "train_steps_per_second": 2.906
}