{
    "epoch": 3.0,
    "total_flos": 2.3277366267346944e+16,
    "train_loss": 1.505253738145889,
    "train_runtime": 431.4624,
    "train_samples_per_second": 2.906,
    "train_steps_per_second": 2.906
}